Filename,ROI_0,ROI_1,ROI_2,ROI_3,ROI_4,ROI_5,ROI_6,ROI_7,ROI_8,ROI_9,ROI_10,ROI_11,ROI_12,ROI_13,ROI_14,ROI_15,ROI_16,ROI_17,ROI_18,ROI_19,ROI_20,ROI_21,ROI_22,ROI_23,ROI_24,ROI_25,ROI_26,ROI_27,ROI_28,ROI_29,ROI_30,ROI_31,ROI_32,ROI_33,ROI_34,ROI_35,ROI_36,ROI_37,ROI_38,ROI_39,ROI_40,ROI_41,ROI_42,ROI_43,ROI_44,ROI_45,ROI_46,ROI_47,ROI_48,ROI_49,ROI_50,ROI_51,ROI_52,ROI_53,ROI_54,ROI_55,ROI_56,ROI_57,ROI_58,ROI_59,ROI_60,ROI_61,ROI_62,ROI_63,ROI_64,ROI_65,ROI_66,ROI_67,ROI_68,ROI_69,ROI_70,ROI_71,ROI_72,ROI_73,ROI_74,ROI_75,ROI_76,ROI_77,ROI_78,ROI_79,ROI_80,ROI_81,ROI_82,ROI_83,ROI_84,ROI_85,ROI_86,ROI_87,ROI_88,ROI_89
AD_Data_11,3638.03682,3669.996148,5467.175684,5737.76466,2419.321118,2339.422799,8176.261375,8219.939123,2412.929253,2677.126363,2294.67974,2767.677792,5225.350103,3798.89877,4784.311379,4494.546806,3442.019609,3832.98872,2751.698128,3064.899541,1112.184609,1066.376239,5693.021601,3747.763846,1785.461116,2064.572579,2934.931607,2027.286697,6485.612931,5891.169433,3792.506905,3975.740384,5722.850307,5867.732593,1097.270256,532.655464,3008.438061,2852.902666,3507.003576,4269.766201,930.01644,1015.241315,5572.641466,4111.034872,2720.804111,2911.494767,5292.464692,5821.924223,2755.959371,1993.196747,7766.116667,5535.355583,2814.551473,2158.319941,6846.753336,6630.495218,6090.382577,4662.865933,3274.765794,2685.64885,3991.720048,2018.764209,1846.183839,1700.236242,1831.269486,2221.173285,6700.805739,5491.677835,1756.697721,865.032474,3027.613658,2782.592145,2052.854159,1642.709451,203.474387,129.967933,1403.014493,1479.716879,834.138457,906.5796,5738.829971,6825.447118,2324.508446,1811.028578,12536.579004,8199.698215,2611.077085,1448.822862,9322.535933,9322.535933
AD_Data_20,3702.77098,3690.992357,4839.94356,5043.392515,2041.985037,2093.382668,5857.188335,7978.411387,1997.012111,2320.388871,1302.073312,2196.17793,4162.137305,3553.932008,3080.645492,3461.844586,2539.899585,2833.294394,3579.630823,2643.765631,538.604339,643.541168,4105.385754,2985.345718,1113.615332,1620.096152,1572.981657,1511.946971,4315.259413,4756.42241,2873.984185,3746.673123,3819.486434,5450.290425,654.249008,455.083189,1703.617302,1637.228695,1796.775508,2213.310473,407.968694,507.551603,4083.970075,3125.618419,2000.224463,2332.167494,4979.145477,4152.500249,1843.890002,2112.65678,6689.187483,4710.378699,1596.538905,1889.933713,4676.113612,6732.018841,5030.543108,6407.571297,2950.009847,2060.188365,4085.040859,2125.506187,3123.476851,4380.577236,1833.182163,3163.095858,5200.797759,5001.63194,1340.621535,1038.660454,2583.801728,2960.717687,1111.473765,1296.719392,59.963903,57.822335,822.362092,1204.63197,539.675123,406.89791,4699.67086,5598.058614,925.157353,1279.586848,8390.663216,10194.934212,497.914548,1773.21826,6027.442987,9936.875274
AD_Data_18,5379.558336,4195.459193,6819.218445,7725.395037,2100.924109,2497.043606,7717.941175,9013.848241,1704.804611,3122.103135,1667.535304,2557.739335,4789.638439,3814.247419,4313.65614,3781.23746,1751.657455,3536.324868,3451.137879,3216.87366,753.90485,853.999562,4919.548597,3013.489725,1868.789564,2142.452766,2226.574917,1953.976553,5718.176616,5442.38374,3787.626485,3735.449454,4739.591083,5483.912397,923.21399,650.615626,2178.657236,1862.40054,2246.806827,3889.850871,636.77274,760.293874,5734.149176,3020.943586,3978.232372,2772.836482,5385.94736,4816.259373,1730.360708,2110.507645,6459.303417,5037.745544,1429.011735,1509.939375,6309.16135,7283.487533,5673.453447,6319.809723,2745.15071,2777.095831,4853.528681,2319.215767,1897.540173,3341.459631,2894.227941,2730.242987,6877.784499,6204.807289,1829.390582,823.119278,3792.950671,4121.985415,1819.807046,1861.335703,168.244303,94.770525,1663.275954,1813.418022,448.296528,517.510956,5848.086773,7234.505014,2039.163542,1712.258473,12639.619447,11382.046526,1602.580225,1902.86436,8314.250096,8688.008009
AD_Data_06,6025.141413,4369.401808,6161.785301,6457.491214,2637.867547,2856.711273,8783.639892,9156.207991,3374.463502,2768.106252,1320.535069,2109.440013,3916.768931,2397.673213,5434.797118,3692.587553,2274.90722,3313.614271,3095.838076,3052.06933,681.084377,615.965024,4972.556468,3247.427388,1998.416854,2313.338314,1773.167946,2176.694426,5609.872099,4755.847802,5222.358575,4244.500755,5198.872906,6217.29688,1127.312072,733.393365,2230.070945,1905.541712,2415.821229,2748.890705,450.497817,512.414578,6920.799395,5808.432748,3969.077919,3522.850224,5117.740598,5134.821084,2600.503984,2752.093296,8116.43341,5040.878411,2780.916616,2627.192243,6885.570892,7532.494297,6345.400525,5601.331856,3662.696703,4530.598894,5632.290237,4182.583993,3388.341397,5020.595334,1911.946894,4172.97622,8118.568471,8197.565718,2066.738798,1390.992073,4163.368447,4534.869016,1699.50835,1385.654421,124.901053,49.106397,1794.518554,1686.697986,673.611664,503.874335,6027.276474,6141.502224,2398.740743,2110.507543,13569.378545,14117.021625,1466.78673,2990.152569,8554.120862,11312.619341
AD_Data_39,5377.10178,4376.164795,6168.887754,6379.105863,2002.941068,2541.825053,8159.023658,8353.235312,1800.192638,2635.729589,1490.734508,2522.617307,3354.952966,3930.118249,5018.557188,4522.357084,2375.357921,3258.914236,3600.385276,4606.657747,856.878891,827.000175,4688.824216,3118.057432,1342.408025,2024.283008,2154.468842,1988.00171,5325.881124,4439.123518,3270.652303,3571.573657,4448.727391,5594.789568,804.591138,534.615597,1926.110084,1702.019714,2259.044348,2611.186358,418.302024,481.260747,4254.515737,3586.513015,2546.093441,2503.409561,3651.605932,4270.522192,2200.354013,2189.683043,5418.718563,4715.501641,1462.989986,1696.684229,6403.649094,6111.264516,4756.051327,5599.057956,3009.213538,3025.219993,4445.5261,1779.917795,2291.057258,3080.709037,3429.649756,2257.977251,5752.719924,5517.958584,1480.063538,1311.462212,3503.279449,3388.032973,2678.413469,2681.61476,323.330391,209.151012,1727.630042,2009.34365,628.520133,660.533043,4995.081054,6673.624635,1745.770691,2180.07917,8780.074112,8173.963016,1724.428751,1376.555129,6478.345884,6794.206596
AD_Data_00,6553.121869,4534.969623,6450.612549,6209.288524,1852.642406,2147.356702,8381.20475,8412.171107,1745.861863,2101.441069,1665.776457,3003.73665,3325.146081,3425.519791,5040.041588,4522.155958,2416.443668,3743.725806,4816.870255,4987.719122,922.583884,947.143409,5960.489861,5046.44842,1554.724693,1713.827701,2658.835499,2002.135165,5594.232601,5738.386333,2714.36138,3505.605197,3835.557073,4782.700481,880.939472,383.342146,2672.716969,2394.019754,3010.143482,3787.505829,796.582844,828.617007,4751.734124,4718.632156,2288.307017,2126.000593,4985.583511,4573.410619,1734.116004,1554.724693,5453.282286,4348.103675,1751.200891,1871.862903,6815.802003,7613.452652,6728.241958,5887.879092,2478.376382,2115.322539,4988.786927,1335.824582,2018.152246,3037.906423,2120.661566,1725.57356,5320.874413,4747.462902,1802.455551,1120.127887,3644.419902,3596.368658,2225.306498,2439.935387,182.594727,175.120089,2055.525436,1986.118083,559.530041,651.361307,6200.74608,7305.924691,2643.886223,2634.275974,11741.58841,9821.674263,2379.070478,1998.931748,7094.499218,7822.742515
AD_Data_34,5281.98931,4587.888575,5805.496931,5883.330039,1772.035978,1632.362865,7643.63774,8178.873637,1867.994605,2103.626344,1781.63184,2502.38775,3186.892622,3368.147806,4537.776848,3667.751964,2597.28017,3100.529858,4271.225106,4616.676163,794.32419,715.424874,4040.924402,3618.706443,1271.984911,1492.689753,1490.557339,1468.166992,4640.132717,4532.445813,3155.97262,3232.739521,4612.411336,5399.272077,766.602809,382.768301,2154.804279,1683.5408,2233.703594,2521.579475,695.166942,713.29246,4705.171342,2956.591917,2426.687055,2943.797434,4528.180985,3749.8499,1764.572529,2015.131166,6686.183885,3596.316097,1994.873234,1568.390447,5408.867939,5599.718986,5775.643136,6125.359021,3345.75746,2375.509121,5798.033482,2698.569831,2262.491182,3184.760208,2344.589119,2617.538102,6411.102487,4875.764456,1410.591816,875.355919,3058.947786,3102.662271,3221.011245,3035.491233,227.102084,213.241393,1796.558738,1849.869086,632.260731,612.002799,6060.320396,6513.458356,2202.783592,1812.551842,11198.371765,10243.050324,1713.394595,2004.469096,5846.012795,7000.71494
AD_Data_13,5644.757116,4680.342317,6283.082491,6059.295632,2327.383338,2968.905668,10175.908194,11307.630312,2383.862879,2504.281522,1667.744929,2098.26822,3973.815232,4230.637295,4361.712455,3864.053106,2212.292953,2680.114055,3966.35567,4156.041675,792.844873,851.455718,4757.06924,3513.453693,1188.201658,2348.696372,2278.363359,2233.605987,4353.187242,4764.528802,3129.819077,3273.682058,5351.702896,6664.585804,1088.030398,735.299681,1913.910474,1807.345303,2422.22634,3412.21678,515.775428,642.587982,5173.73906,4715.508824,3479.352838,2869.800059,5679.923623,5910.104392,2498.953264,2134.500378,6987.478273,6131.759948,2151.550806,2430.751554,5422.035908,6871.322236,5140.703857,6496.212834,4275.394667,3414.348084,4767.725758,2909.229173,1686.926659,3774.538362,1740.209245,3103.177784,7025.841734,6162.663848,1755.128369,1114.67169,2544.776287,2648.144503,996.38435,986.793485,206.736432,158.782105,1148.772545,1300.095088,526.431946,431.588943,5036.269989,4942.492638,1210.580344,2243.196853,9121.978651,11061.464766,1010.237823,1992.768701,4591.893225,8721.293608
AD_Data_19,5660.396424,4778.214755,6229.128929,6407.934981,1680.346036,2519.44191,6888.341604,9724.464113,1949.63226,2776.87954,1913.009334,2633.619269,4490.617068,3601.972529,4646.803078,3890.647361,2244.769961,2965.379896,3400.546434,3135.56879,560.115345,847.713032,4736.206104,3986.513257,1296.882454,2001.335215,1795.60054,1761.131904,6156.960221,5457.893184,3076.325821,3068.785806,3801.244335,5220.921307,1111.613532,447.015131,1920.549348,2123.052588,1990.563766,3200.197483,794.932933,1126.69356,3536.266691,2929.834115,2490.358998,2089.661097,4647.880223,4443.222692,1704.043224,1930.243652,4953.789373,5430.964561,2242.615672,2110.12685,4456.148431,7019.753282,4624.183035,4952.712228,3422.089332,3419.935042,4720.04893,2671.31934,2295.395772,3699.992715,1835.454901,3413.472173,6195.737437,5184.29838,975.893275,959.736102,4595.100123,4582.174384,3961.738924,4019.904749,872.487365,742.152833,1483.228521,2222.149919,526.723854,593.506837,5094.895354,5811.196709,1508.002853,2771.493815,10040.067568,9562.892379,1258.105238,2194.144151,6672.912625,8802.428083
AD_Data_09,4537.781667,5147.302564,4980.778466,5891.323693,2190.432364,2384.710479,7509.596337,8519.415546,1816.820606,2569.381433,1776.257044,2354.821538,4742.734403,3084.965659,4718.182773,3994.443425,2523.48056,2992.096451,2427.408965,3190.644414,939.366706,877.4539,6193.415486,4392.606813,1715.411701,1847.777009,2317.460362,1951.320839,5756.823461,5795.252099,2806.358034,1823.225379,4616.773867,4917.798198,1082.406636,466.480966,2014.301107,1907.55489,2384.710479,2962.20751,830.485565,823.01333,2752.984926,2391.115252,1798.673749,1705.804541,3482.061585,3379.585217,1834.967463,1583.046392,5163.314496,4068.098314,1979.074856,1929.971596,6739.956115,7428.469212,4432.102913,6644.951983,2433.813738,2733.770607,5449.394357,2745.512691,2661.18318,5983.12544,1855.249244,4197.261236,6356.737198,5019.207104,1421.859605,1888.340571,4428.900526,4283.725672,3842.863797,4009.387895,219.897206,225.234517,2113.575088,2225.658616,543.338242,451.536496,4323.221772,6858.444416,1681.252911,2156.273575,11915.012695,8586.665662,1725.01886,1872.328639,6728.214031,9700.028701
AD_Data_22,5982.727853,5363.639014,6683.786642,7707.332474,1929.529499,2884.048004,8713.621475,9882.771825,1814.124436,2914.24746,2184.067767,3102.994057,5443.451861,3943.186052,5209.406081,4584.924482,2740.60059,3699.433304,4692.77968,5816.630847,1082.866191,1023.545832,6292.272272,4802.791983,1622.142183,1876.680451,1804.417468,1691.16951,6517.689637,5909.386318,4310.972278,3396.360196,5013.10962,6457.290725,1218.763741,491.819704,3049.066457,2733.050726,3181.728351,3906.515284,771.164668,907.062218,5929.878806,4137.325409,3787.874566,3038.280938,6264.22992,4818.970262,2784.821222,2427.820515,7183.15621,5111.25785,2626.27408,1929.529499,7882.057896,9805.116082,6632.016147,7003.038029,5385.210054,4788.770807,7015.980653,4209.588392,2229.36695,5069.194323,2536.754265,4832.991438,7478.679454,6410.91299,1585.471416,1024.624384,3376.94626,3286.347894,2745.99335,2371.735812,204.924877,163.939901,1401.039027,1703.033582,690.273269,612.617527,5825.259263,7306.111137,2305.944141,2627.352632,13577.890921,11126.342262,2133.375823,3265.855406,9341.338729,9462.136552
AD_Data_07,6183.727018,5685.455941,5149.518583,5326.01201,1508.803564,1492.660873,9671.624558,7359.991137,1276.348807,2122.22584,1617.497687,2248.138834,2865.865828,3603.048739,3227.462117,3747.256783,1997.389026,2488.126847,2576.373561,2961.645798,668.307427,727.497296,4301.489191,2806.675959,1012.684846,1533.555691,1108.464815,1405.490339,4565.153152,4479.058797,2589.287714,2403.108672,4088.405663,4901.997314,1325.853061,758.7065,1865.018956,1464.680207,1697.134965,2072.721587,548.85151,525.175563,4504.887103,3130.605968,2885.237058,2572.068843,4230.461348,4035.672871,1970.48454,1727.267989,6693.836069,4950.425388,1359.214623,2078.102484,4919.216185,5788.769166,6524.875898,6007.233591,3297.41378,3162.891351,3973.254464,2174.958633,2399.880134,3137.063045,1385.042929,1997.389026,6125.613328,5737.112553,1494.813231,1366.747879,3576.144253,3153.205737,1934.970619,1656.240146,154.969838,94.70379,1584.136124,1742.334501,356.215392,444.462106,4256.289655,5262.517424,1438.851901,1820.895599,9801.842269,8873.099419,1057.884382,1292.491498,7920.680621,7108.16515
AD_Data_10,5148.717003,6178.029278,6459.338706,5718.880556,1934.675951,2053.235481,8981.423233,7696.669064,1895.874651,2600.764942,1665.222476,2367.95714,4579.631263,2735.49168,3891.985995,4241.197699,2656.811265,3332.60058,4062.280591,5204.763326,525.973183,511.961603,5425.715175,3050.213339,876.262701,1600.553642,1209.307196,1518.639786,4808.12781,4285.388069,3317.511186,3174.161937,4840.462227,5761.993112,838.539215,598.186715,1206.073755,1417.325279,1738.513822,2070.480503,388.013004,378.312679,4961.177384,3624.688148,3489.96141,3593.431544,4184.073562,4463.227362,2975.844179,2406.75844,7043.51384,5938.754592,2162.094684,1824.738934,5909.653617,5615.410422,6017.435007,6517.540657,3747.558932,5017.223707,6290.121924,3621.454706,2863.751534,4149.583517,1705.101591,4438.437642,8292.700151,5385.836061,1450.73751,1314.932959,2889.619067,2731.180424,1838.750514,1718.035357,200.473386,209.095897,1917.430929,2114.670873,681.178385,598.186715,5626.188561,7886.36431,905.363676,1032.545717,10030.136158,9371.591865,698.423408,592.797645,4987.044918,6277.188157
AD_Data_35,4696.389148,6501.36876,5516.052118,5303.068827,2171.784171,1858.763272,8406.38598,9271.227225,2840.852895,2375.086404,1854.46058,1989.995402,4243.530735,4350.02238,5648.359921,4404.881713,2371.859384,2533.210362,3302.316693,3335.662562,851.933166,907.868172,3886.407235,3418.489398,1039.100302,1480.126309,1605.980073,2110.470799,5241.755455,4414.562772,3883.180216,3928.35849,4579.14077,4362.930459,877.749323,337.761382,2676.274897,2266.443411,2875.274437,3311.997752,501.263707,751.89556,4459.741046,3389.446222,2428.870063,2531.059016,5840.905422,4240.303715,1740.439221,1744.741914,5246.058148,3662.667212,2116.924838,1284.353789,6952.075827,5448.284707,5787.121762,6497.066068,3538.964795,2611.734505,4893.237341,1446.780441,1767.331051,2265.367738,2304.091973,2108.319452,6553.001074,4282.254969,1631.796229,1453.23448,2852.6853,2848.382607,1408.056206,1280.051096,54.859333,54.859333,1226.267437,1138.062235,447.480047,393.696388,4401.654693,4024.093404,1958.800879,1423.11563,10010.214706,7766.360432,2067.443871,1658.688059,6994.027081,6335.715089
AD_Data_23,7374.264527,6792.850766,7652.051101,9348.917927,2980.283868,2809.089816,8571.546196,11987.890384,2418.250566,2744.488287,2620.66869,2893.071804,3966.533876,3535.857016,4482.269415,4212.019686,3222.539601,3744.735293,5094.907248,7599.293186,920.571787,815.055957,5955.184275,6015.479035,2338.575347,2262.130204,2596.981463,2034.948161,6507.527347,6702.408626,4213.096378,3502.47956,4331.532514,6237.277618,819.362725,400.529479,2713.264215,2776.789052,2528.073165,3669.366843,695.543128,914.111634,6063.930182,4640.543161,5905.656436,4918.329735,4799.893599,5867.972211,3293.601283,2952.289872,9489.964599,6783.160537,2551.760392,2337.498655,7779.100775,8232.388169,9845.273008,7844.778996,7052.333574,4657.770235,6773.470308,2713.264215,2506.539322,5863.665442,3176.241839,3179.471915,13032.281768,10199.504725,3218.232833,2178.148217,3868.55489,3821.180436,3041.65532,3304.368204,212.108353,181.960973,1835.760114,1971.423324,650.322058,509.275386,6369.710752,8765.350783,2586.214541,3053.498934,12072.949064,14370.610109,1855.140572,2158.767758,12614.525214,14338.309345
NC_Data_26,8119,6441,6991,8846,2867,2590,11772,14321,2519,2757,2977,4047,6621,4417,5196,4275,2985,5035,5308,4983,1096,1174,6350,6388,2178,2717,2644,2429,7137,6437,4347,4548,6600,7973,1101,548,3141,2889,4098,4772,891,1150,6610,4905,4124,4080,7105,5790,3022,3382,9443,7631,2302,3769,8165,12137,9238,8751,4343,4623,9102,4370,4366,4381,3247,6553,9076,8943,2208,1329,3619,3918,2518,2447,290,262,2480,2999,864,796,8816,10265,3714,3605,15689,17111,2761,2964,11208,12675
AD_Data_36,4186.310482,6990.805149,5172.400056,4546.550403,2260.371085,2036.699731,7213.40116,8003.778299,2105.521686,2145.309379,2234.562852,2273.275202,3281.94698,3476.584071,4523.968199,3412.063488,2188.323101,3216.351054,3469.05667,3350.768935,574.233187,478.527656,4330.406451,2298.008092,1719.473532,1994.761352,1652.802263,1509.781638,5803.626425,4626.125789,3760.474636,2827.076871,5021.85203,4828.290281,814.034687,369.918008,1847.439355,1480.747376,3397.008686,3350.768935,476.37697,405.404329,5340.153572,3536.803282,3686.275965,3119.57018,4962.708162,4736.886122,1781.843429,1587.206337,5962.777196,3481.960786,1702.268044,1589.357024,7296.202574,6573.572047,5459.51665,6880.044815,4658.38608,2700.186391,3792.734927,2724.919281,1830.233866,3053.974254,2003.364097,2914.179658,7134.901117,4627.201132,2013.042184,1471.069288,1919.487339,2592.652087,1820.555779,1818.405093,86.027444,104.308276,1650.651577,1560.322761,533.370151,397.876927,4898.187579,6301.510256,1480.747376,1466.767916,10009.293082,8053.24408,1600.110454,1351.70621,7260.716254,5669.208544
AD_Data_03,7340.680776,6978.441086,6928.366776,9551.408295,1804.805985,2285.306279,9374.550094,12844.593241,1553.369023,2532.481597,1618.359085,3317.689396,4680.349876,4505.622496,5792.638807,4184.93383,3041.747985,5654.135396,6501.137024,7784.957101,880.029364,812.908481,5242.886807,4710.18138,1129.335504,1291.277954,2447.248729,2485.60352,5883.198729,5820.339489,3493.482186,4004.879396,5396.305969,6731.265768,1083.522837,606.218775,2527.154543,2487.734341,3904.730775,4194.522527,980.177985,995.093737,6337.063752,4819.918698,4758.124869,4193.457117,7293.802698,5429.333706,3669.274977,3546.752729,8479.604977,6815.433225,1599.18169,2933.076078,7735.948202,9689.911706,8253.737877,8944.124109,5325.988853,5392.044326,5805.423737,3239.914403,2216.054574,4080.523566,1664.171752,4010.20645,8104.580357,8328.316636,2607.060357,1998.71076,3961.197551,3969.720838,2889.394233,2951.188062,279.137643,155.549985,1946.505628,2130.821706,896.010527,1041.971814,7607.033489,11698.211164,1622.620729,2464.295303,11573.558094,13386.887365,1202.848853,2322.595659,6031.290838,9969.04935
NC_Data_17,8762,6555,6617,8661,2043,2551,11827,13953,2162,2990,3332,4683,6926,5316,5080,5584,3682,5015,4964,6630,862,961,8380,5196,2142,2818,2586,2534,7396,7021,4256,3994,5636,6128,1699,636,3176,3094,3961,4768,909,1093,5825,4934,4923,4787,6230,6338,3383,3064,7628,7165,2625,3047,8749,9885,6764,7468,5253,3668,7159,4046,3434,4792,3945,5690,9835,8568,1979,1452,3714,3883,2579,2933,276,374,2415,2817,1011,1099,9411,10457,3946,3911,15602,14380,2537,3684,9535,13396
AD_Data_08,6156.796993,7006.925315,7363.533449,7243.602737,1996.368754,2771.142381,11055.913511,13384.479725,2035.638103,3309.238584,2425.147583,2982.347794,4992.513887,3269.969236,4817.39382,4834.37516,2471.846267,3136.241185,3908.892144,3804.881438,995.531043,908.501677,6390.290415,4453.35635,1856.272701,2021.840764,2153.446147,2504.747613,5681.31948,5382.023367,4073.398873,4067.03087,5829.906203,7778.514939,1554.853921,630.432238,2783.878385,2541.894294,3120.321179,3440.843967,920.176348,884.091001,4885.319179,4776.001805,2442.128923,2983.409127,5548.652763,5895.708895,2044.128772,2302.03287,8445.032525,6557.981145,2404.982242,2624.678325,8068.259049,7216.00806,5401.127374,8060.829713,3610.657364,3242.374559,8034.296369,2958.998452,2824.209067,5733.324833,2402.859575,3282.70524,7926.040328,6355.266402,1627.024615,1783.040674,3537.425337,3995.92151,2239.41418,2159.81415,309.90945,386.325479,1759.691332,2038.822104,613.450898,573.120217,4881.073845,5820.354199,2886.827758,1335.157838,12895.204873,10617.582679,3068.315826,1852.027367,8206.232434,11163.108218
NC_Data_29,7117,6616,6968,7179,2655,2966,10966,12895,2668,3309,2682,3503,4689,4980,4994,4094,2385,3378,4688,4515,982,953,5912,4361,2196,2479,2786,2658,5985,5623,4910,4563,5752,6597,1414,660,2991,3055,4504,5027,885,848,6252,4528,4675,4401,6776,5946,3553,2683,7479,5740,1587,1739,8050,10446,7780,7263,3728,3640,5971,3807,1893,5132,3032,5654,9438,9028,2360,1368,2908,3125,2379,2564,277,264,2007,2204,727,561,7401,9670,3295,3643,13757,11959,2508,4359,8355,11913
NC_Data_05,6427,6791,8292,10109,2442,2917,12464,12918,2396,3316,3442,3034,6945,5334,5001,4901,2904,4900,3903,5413,816,920,7175,6842,2677,3261,3201,2784,6991,5698,3744,2633,6775,6950,1772,693,3068,2861,3884,4580,859,1070,6026,5630,5017,5667,6301,5634,2886,3172,11969,6405,2549,3637,7983,9629,9574,8955,4896,3789,6949,3928,3363,5996,2198,4797,9060,7944,2170,1924,4016,4009,3044,2548,338,236,2348,3807,832,944,8286,10018,3527,2456,14843,13862,2554,3422,10378,14495
NC_Data_30,8837,6865,8638,9814,2587,2628,12050,12282,2538,2563,2978,3510,4818,5342,5587,4918,2415,3720,6212,6412,1213,1090,8073,6670,2317,3135,2346,2151,6872,6218,3724,4455,6550,7070,1306,473,3070,2798,4114,4500,910,929,7799,5123,5198,5355,7490,7519,3361,4393,7280,6414,2354,2569,7332,12157,9893,9685,5540,6226,7270,4308,2809,6792,3681,5103,8033,7764,2422,1459,3402,3557,2297,2162,174,112,1730,2073,1000,825,8302,10789,3961,3821,13471,13185,3557,3847,10340,12768
NC_Data_32,7187,6982,7303,8548,2627,2299,8977,10889,2728,3233,3494,3046,6560,3688,6120,6649,3067,5693,4534,5957,1468,1528,6267,5906,2187,3105,2663,2633,7234,6405,5033,4328,6170,6793,1839,1224,3312,3217,4000,4411,936,1071,8899,6772,5425,4187,8489,7294,3373,2853,7699,7768,3198,3574,9840,10087,7172,8878,3632,4513,7786,3223,4369,5761,4302,4199,9722,8002,2026,1752,3340,3595,2713,2780,353,308,2387,2991,658,944,6318,10344,3770,3306,16585,14862,2942,3160,8729,12706
NC_Data_31,7669,7526,8019,10792,2656,2791,11553,14093,2803,3446,2239,4066,7950,4008,6746,6465,2859,4018,7021,8075,1145,1107,8111,6353,2753,3369,3559,3526,8201,7570,4473,3847,6491,6876,1588,924,3868,3758,4757,5788,1041,920,8132,6942,3814,4285,9039,8002,2732,3045,10415,7422,2679,3253,7851,9946,9780,12277,6061,4823,9466,4911,2467,6098,4066,5243,13745,10105,2844,2293,3750,4092,4508,4319,575,480,2467,2533,923,960,8166,9578,3700,3813,16946,15859,2771,3946,8914,11563
AD_Data_33,7403.655492,8211.600482,5420.322443,5668.507673,1995.151393,2413.091022,10551.632649,11833.385805,2558.134338,2771.93893,1613.741191,2947.065305,4818.66128,3750.712715,4266.422284,3655.091566,2106.888466,2981.445942,3229.631172,3143.679577,464.138612,666.124859,4239.56241,4048.320112,1290.348316,2543.092809,1312.91061,2086.474962,5634.127035,4658.576435,3528.312964,4141.792471,5237.675304,6840.672546,1105.552387,450.171477,1901.679034,1555.723865,2240.113438,2791.278039,468.436191,594.140399,7663.659066,5385.941805,4019.311449,3299.466843,6004.793287,4704.775417,2091.846937,2748.302242,7990.275126,6781.580825,2381.933569,2459.290004,6212.15151,7193.074085,7126.461599,7859.198944,4450.143817,2422.760577,6862.160445,3445.584554,2193.914456,3218.887223,1983.333049,4326.5884,7187.70211,6602.156871,1818.950624,1839.364127,3988.153996,3975.261257,1202.247931,1065.799775,89.17478,87.02599,1111.998757,1077.618119,417.939629,368.517462,3532.610544,5763.054427,1460.102716,945.467542,10208.900665,12905.63195,1050.758246,1506.301698,8264.245834,8642.432851
NC_Data_14,8641,7724,7908,9000,2829,2532,9333,12841,3033,2882,2240,3775,4807,4918,6559,5452,2882,4053,7322,6890,1147,1090,6685,5394,2392,2486,3356,2564,6709,6800,3088,3164,6317,7561,1202,800,3386,3180,3870,4812,820,957,5903,5216,4730,4507,6910,6217,4482,3483,8809,7815,2588,2715,10534,11300,9468,9348,5198,6550,7861,4221,3453,5188,2798,5089,10360,8214,2874,1518,3861,4176,2708,2906,280,309,2349,2395,867,912,7506,11562,3358,3157,14699,15499,2991,3167,9788,12361
NC_Data_21,9438,7734,7931,10253,2831,2434,12597,15565,2524,2867,2323,3763,5066,4587,6382,5318,2690,3497,5157,6334,1075,1273,6930,6545,2564,2403,2715,2513,6274,6028,4165,3305,6339,7004,1205,517,3394,3246,4246,5358,1068,1422,6567,4224,5814,5191,6365,6565,2660,2610,9421,6285,2569,2517,8993,10179,9027,8844,4159,5043,8223,3525,3159,6089,2452,4376,8694,8035,2655,2604,3165,3452,2892,2797,272,211,2338,2900,604,775,8237,10755,3824,4555,15307,16499,2755,3388,9019,13962
NC_Data_28,6950,7817,7172,7710,2411,2375,10546,12840,1753,2576,3684,3997,7380,5338,6126,4632,3164,4072,5197,5601,1103,1149,6747,6492,2254,3008,3612,3464,6937,6864,4225,3220,5991,6790,1027,432,3605,3523,3717,4685,1184,1119,8422,6394,5004,3997,6868,8356,2914,2503,10527,7186,3022,2609,9691,9083,7799,9975,4617,5508,6521,4267,2917,6564,2508,3425,10079,7961,3379,2266,3894,4098,3496,3498,430,412,2093,2204,1136,1112,8463,10483,4109,3709,15794,16152,2755,3506,9232,12756
NC_Data_12,6141,7922,9105,8570,2186,3049,12215,16057,2665,3129,2631,3902,7418,5010,5592,4282,3517,4489,6683,6378,1043,1236,6808,6047,2741,3133,2235,2283,7014,6204,5279,4617,6384,8055,1365,806,3224,3074,4956,6109,676,1235,8321,6618,5538,4766,9704,8105,3683,3152,9487,7405,3399,2787,9652,9019,9387,8511,4671,5134,7418,5158,5537,6208,3079,6539,10010,8948,1593,2700,3581,4027,3654,3543,454,310,2716,3219,756,748,10015,12371,3660,2861,17449,17636,3238,3689,10652,14380
NC_Data_04,10919,8019,9391,10543,3622,3564,12376,17348,3066,4006,2281,3522,6473,5651,6529,5960,3380,4316,5328,7222,1363,1339,9174,7608,2842,3873,3751,3439,8069,7792,5075,4047,7621,7950,1914,1011,4347,4445,5153,6020,1312,1397,8738,6716,7294,6992,10242,8260,2757,3540,11330,7519,3749,3808,10120,14040,13307,10630,5991,5123,6869,4608,3201,7779,5183,6940,13710,13018,2741,2478,4284,4462,3436,3137,367,328,3502,4450,959,830,8603,11667,5243,4076,23149,20224,3649,3808,14526,20878
NC_Data_38,9516,8034,9298,10699,1788,1908,12156,17762,1565,1544,4133,4395,8590,6447,7536,4001,3790,6797,7110,5970,960,872,9039,7466,2830,3300,2547,2164,9456,8147,4966,4808,6986,8612,1901,786,3589,2965,4392,6836,1397,1121,9322,7498,6397,5462,9807,9194,4399,3306,11909,6952,4016,5314,10362,12155,10627,13940,6036,4742,9131,4730,3725,9722,5191,5306,12190,11652,2912,2850,3429,3656,3406,3349,327,307,1969,2201,1090,948,9984,13568,4582,4038,21917,18817,3765,4229,13767,15000
NC_Data_37,10961,8337,7240,9233,2287,3041,12170,13774,2307,3084,2330,3509,6766,5876,5990,5677,3068,4264,6869,7031,1006,1023,7147,6342,2452,2296,3513,2911,7847,7216,4854,4446,6466,7857,1612,654,3106,3082,3817,4467,1000,981,7487,6950,5542,3909,7459,7268,3818,3099,8306,8209,2298,3200,10428,12204,9535,9183,7061,5850,7275,4014,3121,6981,2976,5985,9511,8550,2376,1621,3642,3899,2952,2955,443,306,2462,2852,1325,881,8581,11047,3592,3064,17302,17543,3289,3598,11418,14349
NC_Data_15,7381,8417,7437,8435,2321,2482,10951,11683,2075,3369,2498,2830,3549,3252,6033,4723,2380,3427,5012,6234,1206,1237,6330,4287,2307,2169,2724,2258,6482,6652,3157,3967,4905,7040,947,525,2813,2900,4158,4411,845,956,6647,5525,4768,3865,6204,6804,3303,2194,7504,6344,1990,2895,8943,9404,7476,9266,3673,4345,6834,4083,4334,5875,2533,3774,7693,6060,2903,1502,3343,3508,2182,2282,212,139,2727,3238,568,730,7149,8006,4159,3824,14513,14428,3237,3436,10482,13437
NC_Data_24,8893,8701,9471,10887,2902,2476,13485,13551,2701,2979,2882,4302,6507,7179,5622,5635,3188,4506,5235,6036,1492,1276,8058,5619,3063,2819,3392,2790,7530,7427,4817,4491,7291,9265,1606,1049,2830,3275,4458,4723,945,1072,9669,7511,5751,5793,8879,7875,3971,3973,11008,5963,2941,2666,11401,12856,10162,9796,4856,5383,7583,4286,3735,6041,2692,7110,11357,11051,4117,1906,3752,4231,3186,3011,336,256,2193,2594,895,1107,8823,11102,3246,3326,19333,17550,2250,3145,11577,15566
NC_Data_25,9300,9111,7376,8450,2855,3039,12453,12481,2569,3583,2772,3970,5415,4210,5470,5706,2871,4782,4415,4806,958,969,6600,6356,2088,2241,2571,2540,6220,6144,3715,3616,6909,6810,1795,1120,2738,3274,4684,5481,722,889,6945,5849,5240,4888,7615,8262,3736,3438,6834,5992,2918,2773,9410,10764,11302,11580,6501,7513,7567,3883,4053,6696,3678,4513,11160,9751,3045,1380,3408,3710,2532,2594,260,234,2701,3370,817,1071,6787,8649,2941,3273,14328,14699,3471,3438,8685,13010
NC_Data_02,8316,9133,7235,10154,2494,2893,10987,14119,2997,3701,2703,3868,6286,3707,6173,4813,2861,4168,6520,6251,1248,1014,6161,4589,2551,3209,2488,2464,7229,6730,5351,4316,6001,7473,1625,765,3321,3164,4607,5408,869,993,7850,6653,4364,4770,9811,8937,3320,3536,8582,7600,2921,1842,10493,12267,10522,10084,5530,6909,6542,3978,2363,5199,3809,6079,10858,9408,2804,1676,4572,4903,3576,3374,326,275,2664,3433,620,721,8039,8526,3639,3479,16664,15614,2978,3337,9778,15591
NC_Data_16,9657,9311,11350,12456,3479,3941,18235,17010,3327,4792,2413,4854,6932,5031,6226,5425,4767,7011,6405,8379,1094,1246,9874,8537,3830,4538,4372,3743,8491,7713,5366,5799,6544,8059,1895,1036,2552,3643,4992,6056,796,1125,8241,6270,5589,5590,10887,8010,3797,3360,8826,7379,3748,4270,13718,16552,13294,13926,7470,5869,9073,5653,3822,9198,3722,3696,14153,11305,3623,1697,3901,4308,3599,3235,437,270,2199,3206,1199,1209,11421,15030,2971,3783,20286,16629,3266,3899,12020,15803
NC_Data_01,9110,9973,10056,10692,3780,4017,15404,19063,2625,3834,3762,5395,9725,6293,7793,6285,2876,5477,7023,7357,1302,1205,9899,7597,3397,4249,3623,3375,8124,7077,5883,4879,8140,10146,1839,859,3674,3621,5227,5277,817,1444,8662,7400,4275,4662,7912,8736,3914,3907,10096,8809,3260,3672,11023,10475,10531,10314,6746,7081,9538,4803,3470,7794,4575,5401,14162,12238,3792,1331,3808,4012,2920,2574,336,217,2668,3605,687,920,11273,12932,4017,4824,19619,19306,3623,5117,12545,17234
NC_Data_27,8108,9984,8171,9606,2098,3360,9612,14097,1881,3838,3325,3062,5780,5172,6748,5683,3123,4368,6722,6264,1196,1284,8678,6473,2843,4144,2820,3033,7589,6730,4283,3111,5465,7658,1754,817,3164,3189,4214,5872,975,1347,7513,5860,3877,4444,7852,7964,2426,3483,7552,5510,2956,3004,9207,10353,9518,9693,5017,5616,6742,3633,2934,4839,3195,5882,10778,9226,2973,1659,3662,3978,3590,3452,389,336,2532,2839,731,647,7185,9799,4705,4155,18435,16918,3465,4018,11348,15569
Data_40, 6110.000000, 7264.000000, 8193.000000, 7514.000000, 1841.000000, 2304.000000, 9633.000000, 11474.000000, 1698.000000, 3121.000000, 2123.000000, 3148.000000, 5089.000000, 4722.000000, 5562.000000, 4802.000000, 2640.000000, 3345.000000, 4249.000000, 3907.000000, 1002.000000, 944.000000, 6586.000000, 5115.000000, 1697.000000, 2118.000000, 2601.000000, 2234.000000, 6660.000000, 5736.000000, 4349.000000, 3996.000000, 4851.000000, 5983.000000, 962.000000, 575.000000, 3151.000000, 3381.000000, 4051.000000, 3954.000000, 793.000000, 1157.000000, 5600.000000, 4305.000000, 3259.000000, 3003.000000, 5061.000000, 6050.000000, 2045.000000, 2184.000000, 6455.000000, 4869.000000, 2328.000000, 2920.000000, 7971.000000, 7882.000000, 8668.000000, 8790.000000, 4043.000000, 3999.000000, 6161.000000, 3931.000000, 2627.000000, 4782.000000, 3706.000000, 4858.000000, 7735.000000, 6763.000000, 1723.000000, 1545.000000, 2955.000000, 3056.000000, 3262.000000, 3445.000000, 482.000000, 493.000000, 2082.000000, 2322.000000, 600.000000, 638.000000, 6504.000000, 8191.000000, 3476.000000, 2798.000000, 13336.000000, 14016.000000, 2204.000000, 2171.000000, 7956.000000, 10462.000000
Data_41, 8927.000000, 8478.000000, 7884.000000, 9025.000000, 2820.000000, 3005.000000, 13443.000000, 13977.000000, 2771.000000, 3966.000000, 3001.000000, 3141.000000, 6300.000000, 4757.000000, 6114.000000, 6572.000000, 3106.000000, 4590.000000, 7445.000000, 6575.000000, 1111.000000, 1118.000000, 9045.000000, 8222.000000, 2255.000000, 2697.000000, 3688.000000, 3398.000000, 8251.000000, 7862.000000, 4099.000000, 3190.000000, 7271.000000, 9030.000000, 1711.000000, 731.000000, 3619.000000, 3546.000000, 5213.000000, 6329.000000, 1044.000000, 1244.000000, 9716.000000, 6964.000000, 7094.000000, 6223.000000, 8458.000000, 9243.000000, 3615.000000, 3328.000000, 8935.000000, 6050.000000, 2385.000000, 2697.000000, 12582.000000, 13737.000000, 10518.000000, 10357.000000, 7327.000000, 7313.000000, 9111.000000, 5447.000000, 5128.000000, 8782.000000, 4002.000000, 6794.000000, 12722.000000, 11499.000000, 2843.000000, 1650.000000, 4616.000000, 4823.000000, 4920.000000, 4353.000000, 603.000000, 488.000000, 3053.000000, 3700.000000, 1094.000000, 1120.000000, 10287.000000, 13550.000000, 4379.000000, 4663.000000, 21928.000000, 17603.000000, 3954.000000, 4802.000000, 12042.000000, 15910.000000
Data_42, 5060.920615, 5890.967506, 6615.645750, 7475.797968, 2256.824383, 2298.756804, 10041.201959, 12136.747801, 2524.546761, 2435.305968, 2018.132142, 3284.706284, 5442.613162, 3359.969603, 5480.244821, 4541.603713, 2642.817691, 4585.686514, 4728.686821, 4202.918777, 807.467895, 827.896510, 5894.193076, 5421.109356, 1735.357101, 2527.772332, 2036.410377, 1965.447819, 4716.859728, 5058.770234, 3635.218313, 3342.766559, 4934.048163, 5637.222601, 1236.468814, 607.482504, 1766.537619, 1865.455124, 2456.809774, 3301.909328, 572.001225, 678.445062, 5768.395815, 3783.594571, 3398.676453, 3175.036876, 6276.960814, 4696.431112, 2476.163199, 2112.748886, 7694.061593, 3655.646928, 1512.792714, 1834.274606, 6776.924291, 6517.803435, 6558.660665, 7637.076509, 4970.604632, 2534.223473, 5945.802210, 1957.921487, 2449.283442, 4367.422889, 2117.049647, 2834.201560, 7559.662809, 6983.360823, 1823.522703, 1437.529395, 2808.396993, 2940.645397, 2911.615259, 2980.427437, 210.737294, 160.203351, 1734.281910, 1948.244775, 709.625580, 716.076722, 5155.537359, 7095.180611, 2035.335187, 2061.139753, 7716.640589, 8840.214424, 1496.664860, 2184.786635, 5527.553193, 6764.022007
Data_43, 7660.000000, 8235.000000, 9312.000000, 11108.000000, 2667.000000, 2997.000000, 12685.000000, 13457.000000, 2449.000000, 2697.000000, 2860.000000, 3656.000000, 7022.000000, 5247.000000, 5651.000000, 5776.000000, 3207.000000, 5470.000000, 6674.000000, 5818.000000, 1108.000000, 1172.000000, 6668.000000, 6726.000000, 2801.000000, 3201.000000, 3756.000000, 3760.000000, 7856.000000, 6896.000000, 5459.000000, 4507.000000, 7309.000000, 8881.000000, 1729.000000, 955.000000, 3258.000000, 3346.000000, 4621.000000, 6194.000000, 948.000000, 1145.000000, 6384.000000, 4938.000000, 4239.000000, 4929.000000, 6322.000000, 7295.000000, 3422.000000, 3217.000000, 10427.000000, 6812.000000, 2524.000000, 2574.000000, 10361.000000, 10559.000000, 9368.000000, 11286.000000, 5503.000000, 3998.000000, 7864.000000, 4109.000000, 3143.000000, 5542.000000, 2493.000000, 5362.000000, 12063.000000, 10863.000000, 1894.000000, 2350.000000, 4609.000000, 4701.000000, 4566.000000, 4160.000000, 452.000000, 477.000000, 2601.000000, 2962.000000, 802.000000, 980.000000, 9018.000000, 11513.000000, 3344.000000, 3570.000000, 18982.000000, 19234.000000, 2838.000000, 3657.000000, 10350.000000, 13440.000000
Data_44, 5188.638907, 4726.060750, 4297.987258, 5204.812968, 1428.708760, 977.991581, 6913.872126, 6080.368827, 1118.166780, 381.707850, 1629.267121, 2638.528555, 3846.191808, 2102.627986, 3248.829806, 1670.241410, 3346.952445, 4234.369283, 3520.554038, 2973.870762, 820.564050, 526.196132, 5374.101478, 4031.654379, 876.634130, 350.437998, 2284.855745, 1674.554493, 6229.170192, 5381.649373, 1585.058020, 1702.589533, 5001.019794, 5872.262570, 1494.483276, 844.286007, 1981.861661, 1690.728555, 2626.667576, 3299.508532, 565.013879, 616.770876, 6306.805687, 4241.917178, 4181.534015, 3508.693060, 6701.452786, 5428.015016, 2682.737656, 3561.528327, 10350.321045, 7786.193173, 2601.867349, 3626.224573, 7790.506256, 9079.039816, 6434.041637, 6520.303298, 5549.859612, 3956.175426, 7052.969055, 3317.839135, 3222.951308, 5129.334015, 3970.192946, 4404.736063, 9502.800226, 8547.452331, 1993.722639, 849.677360, 2900.548350, 2518.840500, 1689.650284, 1884.817292, 202.714903, 189.775654, 1399.595449, 1770.520591, 686.858475, 535.900569, 6452.372240, 10051.640044, 1386.656200, 1918.243686, 15602.577927, 11893.326505, 935.939021, 1931.182935, 10894.847780, 10556.270761
Data_45, 7161.000000, 7743.000000, 8983.000000, 10541.000000, 3403.000000, 2820.000000, 12755.000000, 13691.000000, 2854.000000, 3855.000000, 2733.000000, 4385.000000, 7095.000000, 5652.000000, 5865.000000, 5661.000000, 2780.000000, 5074.000000, 5694.000000, 5458.000000, 1427.000000, 1128.000000, 7224.000000, 6469.000000, 3557.000000, 2992.000000, 3310.000000, 2763.000000, 8495.000000, 7170.000000, 4293.000000, 4934.000000, 6471.000000, 8305.000000, 1688.000000, 905.000000, 2606.000000, 3165.000000, 5097.000000, 6074.000000, 852.000000, 1047.000000, 6828.000000, 5312.000000, 6849.000000, 4763.000000, 7200.000000, 7494.000000, 3719.000000, 2984.000000, 8149.000000, 6385.000000, 2041.000000, 2334.000000, 9441.000000, 11111.000000, 9059.000000, 9626.000000, 5062.000000, 6177.000000, 6760.000000, 4771.000000, 3917.000000, 6687.000000, 3106.000000, 3874.000000, 10693.000000, 9111.000000, 2802.000000, 1572.000000, 4196.000000, 4717.000000, 2202.000000, 2080.000000, 191.000000, 106.000000, 2718.000000, 3627.000000, 882.000000, 729.000000, 9073.000000, 9919.000000, 3834.000000, 3198.000000, 18074.000000, 17026.000000, 3226.000000, 3582.000000, 12288.000000, 16277.000000
Data_46, 6916.867679, 6252.261457, 6361.230983, 6812.213777, 2657.345982, 2878.521754, 11158.047970, 10975.712821, 2368.199119, 2796.524883, 1660.436649, 3394.238920, 4263.837321, 3235.639708, 4701.873240, 3818.249059, 2178.311627, 3811.775621, 4479.618562, 4289.731070, 853.414808, 989.356990, 4778.475581, 4684.610741, 1753.222583, 2320.727246, 1746.749145, 2124.366317, 5401.004461, 5043.886507, 5005.045884, 3974.690458, 5077.332600, 6720.506749, 1137.167140, 701.289033, 1672.304617, 2085.525694, 1747.828052, 2872.048317, 431.562482, 679.710909, 5258.588842, 3804.223278, 2810.550663, 2390.856150, 4066.397486, 4587.509183, 1907.506170, 1451.128845, 5415.030242, 3808.538903, 1785.589769, 1898.874920, 4646.849024, 6938.445803, 6771.215341, 7084.098140, 4196.945136, 3176.299867, 4551.905278, 2508.456926, 1538.520248, 4095.527953, 1429.550721, 3166.589711, 7445.531719, 6286.786455, 2672.450669, 1664.752274, 3505.366259, 4534.642779, 1323.817913, 1656.121024, 209.307804, 285.910144, 1459.760095, 1391.789004, 625.765599, 530.821853, 4944.627136, 6559.749725, 1299.003071, 1811.483518, 10087.773014, 13055.843984, 816.731997, 1933.399919, 8165.162158, 10037.064423
Data_47, 5173.492527, 5662.242440, 6602.392381, 7149.834969, 2439.481006, 2287.947190, 9189.138645, 11805.764816, 2217.515980, 2438.413866, 2122.540560, 4778.650895, 3216.358597, 3793.681092, 4364.600750, 3597.327415, 2934.633756, 4490.523217, 3106.443223, 3702.974230, 571.986798, 670.163636, 5826.581930, 4478.784682, 1806.667254, 1862.158511, 2112.936304, 1946.462535, 5652.638184, 5207.640993, 2529.120728, 2577.142008, 5469.090182, 5508.574345, 1170.652084, 624.276635, 1789.593021, 2013.692326, 2568.604891, 2688.124521, 440.728633, 672.297915, 4576.961520, 3157.665922, 3362.556715, 2705.198753, 4757.308104, 3855.575186, 2502.442239, 2192.971770, 8377.045449, 4354.996494, 1994.483815, 2146.017630, 5253.527993, 7893.631234, 6586.385288, 8139.073330, 4079.674491, 3840.635232, 5573.669858, 4358.197913, 2074.519281, 5637.698230, 2051.042211, 3765.935464, 8607.547592, 7782.648721, 1797.062998, 1007.379733, 4001.773304, 3709.377068, 2246.328748, 2309.289981, 355.357469, 495.152750, 1957.133930, 2440.548146, 586.926751, 757.669079, 6002.659956, 9274.509809, 1543.083786, 2138.547654, 12458.854219, 10716.215338, 981.768384, 2690.258800, 7723.956046, 10405.677729
Data_48, 4502.998946, 3912.126986, 5279.451631, 5098.137130, 1797.146666, 2033.922073, 6307.611504, 7629.074245, 1729.953645, 2370.953732, 1357.725642, 2492.541103, 3989.985566, 4103.040489, 4122.238495, 4478.468161, 2238.700803, 4321.684446, 4916.822630, 2802.908866, 876.708937, 733.790449, 4698.178673, 3334.053696, 1295.865400, 1478.246457, 1805.679113, 1836.609234, 5914.052382, 5678.343532, 2146.976996, 3348.985479, 4299.286772, 5675.143864, 1288.399509, 632.467640, 2185.373008, 1608.366275, 1994.459505, 2038.188296, 686.861990, 578.073290, 5213.325166, 3681.750915, 3956.922333, 3661.486353, 4801.634594, 4784.569700, 1903.802255, 2297.361376, 8403.393818, 5154.664592, 1806.745669, 2362.421285, 6251.084042, 5585.553170, 4019.849130, 5196.260272, 4378.211908, 3046.083607, 5504.494922, 2878.634334, 2001.925396, 3712.681036, 2088.316423, 3235.930555, 8347.932912, 7254.713130, 2012.590955, 1439.850445, 3680.684359, 3674.285024, 2725.050286, 3068.481281, 342.364439, 369.028336, 2268.564367, 2703.719168, 736.990117, 692.194769, 6324.676398, 6081.501656, 1983.793946, 1658.494401, 11403.615522, 10358.390755, 1220.139932, 914.038393, 6349.207183, 7358.169050
Data_49, 7521.028955, 6979.738704, 8293.685815, 9376.266317, 3207.924927, 2619.285231, 11566.178167, 12979.128664, 2508.444483, 3784.727262, 1899.358436, 3433.910917, 7324.098307, 5605.528663, 5083.608640, 7106.721308, 2986.243433, 5085.760888, 3965.516054, 4421.792528, 1417.254991, 1207.410858, 7117.482545, 6720.392878, 2930.284997, 2504.139988, 2819.444250, 2579.468652, 6282.410508, 6638.607473, 2916.295388, 2993.776299, 4807.044834, 6752.676591, 1669.067951, 762.971746, 1907.967426, 2223.271687, 2679.548161, 3819.163223, 535.909632, 740.373147, 6235.061063, 5632.431757, 4479.903211, 3313.385056, 5303.137887, 5277.310917, 3051.886982, 2274.925628, 7332.707297, 6613.856626, 2224.347811, 2821.596497, 6288.867251, 9967.058261, 8526.128547, 9120.148862, 3927.851722, 4109.716638, 5871.331232, 4587.515587, 2911.990893, 5649.649738, 2277.077875, 4065.595563, 8028.959370, 7968.696439, 1590.510917, 1557.151080, 4001.028138, 4607.961938, 2976.558319, 3090.627437, 651.054875, 616.618914, 2335.188558, 2582.697023, 670.425102, 1061.058027, 6101.621717, 8883.401635, 1524.867367, 2083.375598, 13100.730648, 14332.892353, 889.954349, 2553.641681, 8127.962756, 10890.372446
